url,label
https://www.dns.msftncsi.com,benign
https://www.disc801.prod.do.dsp.mp.microsoft.com,benign
https://www.www.microsoft365.com,benign
https://www.slscr.update.microsoft.com,benign
https://www.windows.msn.com,benign
https://www.jnn-pa.googleapis.com,benign
https://www.global.fastly.net,benign
https://www.mercaripost.tesvtmng2dev.ezviz7.com,benign
https://www.config.edge.skype.com,benign
https://www.ct.pinterest.com,benign
https://account.msauth.live/error.aspx?lang=de-AT&refd=account.live.com&refp=landing&e=400,phishing
https://www.js.monitor.azure.com,benign
https://www.storage.live.com,benign
https://www.www.recaptcha.net,benign
https://www.criteo.net,benign
https://www.www.googleapis.com,benign
https://www.safebrowsing.google.com,benign
https://www.tags.crwdcntrl.net,benign
https://www.ts01-gyr-maverick.cloudsink.net,benign
https://www.stackadapt.com,benign
https://www.ocsp.usertrust.com,benign
https://www.rcs.telephony.goog,benign
https://www.core.microsoft,benign
https://www.firebaseremoteconfigrealtime.googleapis.com,benign
https://www.ads.vungle.com,benign
https://www.kv501.prod.do.dsp.mp.microsoft.com,benign
https://bmdnorte.icu/BAN/,phishing
https://www.acrobat.adobe.com,benign
https://www.ent-nfc-api.msn.com,benign
https://www.azure-devices.net,benign
https://www.tiqcdn.com,benign
http://blukfelogzn.webflow.io/,phishing
https://www.login.microsoftonline.us,benign
https://www.clients3.google.com,benign
https://www.spclient.wg.spotify.com,benign
https://www.js-sec.indexww.com,benign
https://www.go.sonobi.com,benign
https://www.wyzecam.com,benign
https://www.fe3cr.delivery.mp.microsoft.com,benign
https://www.app-site-association.cdn-apple.com,benign
https://www.www.temu.com,benign
https://www.s-0005.dual-s-msedge.net,benign
https://www.odc.officeapps.live.com,benign
https://www.adnxs.com,benign
https://steanmcomxxmunity.ru/Id/7656193585673776,phishing
https://www.amp-api-edge-lb.itunes-apple.com.akadns.net,benign
http://www.f220g.xyz/,phishing
https://www.ajax.googleapis.com,benign
https://www.gspe79-ssl-96.ls.apple.com,benign
https://www.assets-mercury.mzstatic.com,benign
https://www.autopatch.microsoft.com,benign
https://www.teams.cloud.microsoft,benign
https://www.image8.pubmatic.com,benign
https://sp21ct7-korsin-biz-drelvo-faski.pages.dev/,phishing
https://www.bcp.crwdcntrl.net,benign
https://www.dt.adsafeprotected.com,benign
https://www.pinimg.com,benign
https://www.deff.nelreports.net,benign
https://www.a.tribalfusion.com,benign
https://www.ut.pubmatic.com,benign
https://www.ioref.io,benign
https://www.static.xx.fbcdn.net,benign
https://www.upload.fp.measure.office.com,benign
https://www.www.linkedin.com,benign
https://www.configuration.g.aaplimg.com,benign
https://www.kargo.com,benign
https://www.amazon.com,benign
https://www.adobe.io,benign
https://www.apple-native-relay.apple.com,benign
https://www.roblox.com.bi/communities/5662684360108/RubyLove,phishing
https://www.m365.cloud.microsoft,benign
https://www.trouter.teams.microsoft.com,benign
https://www.mzstorekit.itunes.apple.com,benign
https://www.3lift.com,benign
https://www.skipthedishes.com,benign
https://www.js.stripe.com,benign
https://www.services.autopatch.microsoft.com,benign
https://www.c.go-mpulse.net,benign
http://f.digitalmaillane.com/igit/4/1zdbcw5cvs24evep5zc91gc14xdrncoz4c01tccpc5cy,phishing
https://www.omnitagjs.com,benign
https://www.augloop.svc.cloud.microsoft,benign
https://www.acdcatm.outlook.mira.tm.svc.cloud.microsoft,benign
https://www.sync.ipredictive.com,benign
https://www.ls-apple.com.akadns.net,benign
https://www.whatsapp.com,benign
https://www.graph.whatsapp.com,benign
https://www.g.akamaiedge.net,benign
https://www.swallow-apple-com.v.aaplimg.com,benign
https://www.img.youtube.com,benign
https://www.graph.instagram.com,benign
https://www.ingress.rapid7.com,benign
https://www.prod.netflix.com,benign
https://www.tm.a.prd.aadg.akadns.net,benign
https://oworkspace-sharepoint.eastasia.cloudapp.azure.com/Hzl5XfT/:w:/r/personal/Document/Security/_layouts/15/AllItems.aspx/?sourcedoc=%7BDD577A58-83F8-127C-B8CE-73B67D962532%7D&FocusModeOff=1&fromShare=true&action=edit&toshare=veryn@a03d521ef81fd2256320a1ca6d98867727f2.net&clickparams=bEc0aFoxbFY0dVcxdFAzcw==&scope=Hzl5XfT&mobileredirect=true&wdLOR=cF091898E-2F1F-4E45-B2FC-C52CED619E,phishing
https://www.geover.prod.do.dsp.mp.microsoft.com,benign
https://www.crashlyticsreports-pa.googleapis.com,benign
https://www.1.nflxso.net,benign
https://www.ingest.sentry.io,benign
https://ledger-start-live.pages.dev/,phishing
http://maindoc-app-md8gw.ondigitalocean.app/,phishing
https://www.discover-pa.googleapis.com,benign
https://www.gsa.apple.com,benign
https://www.incidents.diagnostics.office.com,benign
https://www.spot-pa.googleapis.com,benign
https://6036c29339.storage-cdn.com/?rid=6036c29339,phishing
https://www.test-gateway.instagram.com,benign
https://sp21ct7-zenlor-biz-kefra-monti.pages.dev/,phishing
https://www.pixel.rubiconproject.com,benign
https://www.entitlements.itunes.apple.com,benign
https://www.dsum-sec.casalemedia.com,benign
https://www.prod.partner.netflix.net,benign
https://2farobux.com/redeem/52Fc2mGicEaJ,phishing
https://www.dell.com,benign
https://www.a-mx.com,benign
https://www.fmt.he.net,benign
https://www.ads.pubmatic.com,benign
https://www.calendar.google.com,benign
https://www.static.sl-reverse.com,benign
https://www.srv.stackadapt.com,benign
https://www.criteo.com,benign
https://limpa-tudo.online/,phishing
https://www.hotjar.com,benign
https://www.prod.mos.microsoft.com,benign
https://www.recent.svc.cloud.microsoft,benign
https://www.activity.windows.com,benign
https://www.agentsnprim.manage.microsoft.com,benign
https://www.unitedstates.smartscreen.microsoft.com,benign
https://www.www.facebook.com,benign
https://www.mesu.g.aaplimg.com,benign
https://www.cspv2.core.microsoft,benign
https://www.lh5.googleusercontent.com,benign
http://mohdowaisshah.github.io/Netflix-clone-for-desktop/,phishing
https://www.endpoint.security.microsoft.com,benign
https://m.365bet990.com/eng/home/index/,phishing
https://www.com.cdn.cloudflare.net,benign
https://www.r.bing.com,benign
https://www.spatterson.dev.auvik.com,benign
https://www.edge.e2ro.com,benign
https://www.adform.net,benign
https://www.tr.blismedia.com,benign
https://pkcs-sfci-4ftw.nandana-odozoconstruction-com-s-account.workers.dev/,phishing
https://www.b1sync.outbrain.com,benign
http://www.rscripts.online/deepwoken-fast-and...,phishing
https://www.query.ess.apple.com,benign
https://www.relay.teams.microsoft.com,benign
https://www.mzstorekit.g.aaplimg.com,benign
https://www.a.prd.aadg.trafficmanager.net,benign
https://www.login.live.com,benign
https://www.msftncsi.com,benign
https://telvora-gld-felquro-r6t4hp30.pages.dev/,phishing
https://www.googleads4.g.doubleclick.net,benign
https://www.bat.bing.com,benign
https://www.ip4.static.sl-reverse.com,benign
https://www.typekit.net,benign
https://www.ogs.google.com,benign
https://www.cdn.ampproject.org,benign
https://www.qq.com,benign
https://www.smoot-feedback.v.aaplimg.com,benign
https://www.dscd.akamai.net,benign
https://www.ping-signals.urs.microsoft.com,benign
https://www.dual-s-ring-fallback.msedge.net,benign
https://www.clients.google.com,benign
https://www.imasdk.googleapis.com,benign
https://www.f.c2r.ts.cdn.office.net,benign
https://www.ow1.res.office365.com,benign
https://www.peoplestackwebexperiments-pa.clients6.google.com,benign
https://www.idms-apple.com.akadns.net,benign
https://www.res.df.onecdn.static.microsoft,benign
https://www.cdn-h3.g.aaplimg.com,benign
https://www.npwuscdn.onenote.static.microsoft,benign
https://www.am.dotaplabs.net,benign
https://shobhit-jhorar.github.io/netflix_homepage_clone/,phishing
https://www.company-target.com,benign
https://www.android.com,benign
https://www.api.smoot.apple.com,benign
https://www.ups.analytics.yahoo.com,benign
http://sp21ct7-fervon-biz-naskel-ruvia.pages.dev/,phishing
https://www.match.sharethrough.com,benign
https://www.web.whatsapp.com,benign
https://www.api.ipify.org,benign
https://www.htlb.casalemedia.com,benign
https://www.array503.prod.do.dsp.mp.microsoft.com,benign
https://www.33across.com,benign
https://zero2oneaccounting.com.au/ruckrescss/team/cssGORR/geburtsdatum.html,phishing
https://www.media1.giphy.com,benign
https://www.msidentity.com,benign
https://www.gspe79-cdn.g.aaplimg.com,benign
https://www.iosapps.itunes.apple.com,benign
https://www.itunes.apple.com,benign
https://www.supertms.com,benign
https://www.fs.microsoft.com,benign
https://www.ssl.gstatic.com,benign
https://www.amcdn.msftauth.net,benign
https://www.nflxso.net,benign
https://www.immersivelabs.online,benign
https://www.events.launchdarkly.com,benign
https://www.m.adnxs.com,benign
https://www.id.rlcdn.com,benign
https://www.fallback.c10r.instagram.com,benign
https://www.ib.adnxs.com,benign
https://www.mogujie.com,benign
https://www.us.sentry.io,benign
https://www.casalemedia.com,benign
https://www.eyeota.net,benign
https://xtw.zut.mybluehost.me/spn/aruba/,phishing
https://www.bag.itunes.apple.com,benign
https://www.connect.facebook.net,benign
https://www.xpaywalletcdn-prod.azureedge.net,benign
https://zonefggameing-hash.github.io/Raj_insta,phishing
https://www.preapp.prod.partner.netflix.net,benign
https://www.yimg.com,benign
https://www.cornell.edu,benign
https://www.fbcdn.net,benign
https://www.fastlane.rubiconproject.com,benign
https://www.instagram-clone-mocha.vercel.app/,phishing
https://www.shiabank.com,benign
https://www.eu-office.events.data.microsoft.com,benign
https://www.e2ro.com,benign
https://www.sfx.ms,benign
https://www.fpc.msedge.net,benign
https://www.eu-west-1.amazonaws.com,benign
https://www.b.akamaiedge.net,benign
http://j110o.vip/,phishing
https://www.e673.dsce9.akamaiedge.net,benign
https://www.csync.loopme.me,benign
https://www.dotaplabs.net,benign
https://projetoconnect.s3.us-east-005.backblazeb2.com/aumento.html,phishing
https://maycccxmsukmxc.uk.cc/4g/home.html,phishing
https://www.urs.microsoft.com,benign
https://www.whatsapp.net,benign
https://www.imap.gmail.com,benign
https://www.siteintercept.qualtrics.com,benign
https://www.licensing.m365.svc.cloud.microsoft,benign
https://www.adsrvr.org,benign
https://www.appsflyersdk.com,benign
https://www.bag-cdn-lb.itunes-apple.com.akadns.net,benign
https://www.media4.giphy.com,benign
https://www.dsx.mp.microsoft.com,benign
https://www.sstats.adobe.com,benign
https://www.excel-telemetry.officeapps.live.com,benign
https://www.s.go-mpulse.net,benign
https://www.facebook.com,benign
https://www.elb.us-east-1.amazonaws.com,benign
https://www.ms-cookie-sync.presage.io,benign
https://www.chat-e2ee-mini.facebook.com,benign
https://www.hicloud.com,benign
https://www.turn.com,benign
https://www.in.appcenter.ms,benign
http://hlonex-zplen-c7e104-rgtt-ponvek.pages.dev/,phishing
https://www.msedge.net,benign
https://www.ads.aps.amazon-adsystem.com,benign
https://www.data.pendo.io,benign
https://www.net.akadns.net,benign
https://www.app-measurement.com,benign
https://www.stun.l.google.com,benign
https://www.pipe.aria.microsoft.com,benign
https://www.init-p01md.apple.com,benign
https://www.events.data.trafficmanager.net,benign
https://www.sectigo.com,benign
https://www.core.bdec.microsoft.com,benign
https://www.cs.media.net,benign
https://valuable-purple-sibu8izm.edgeone.app/,phishing
https://www.myhuaweicloud.com,benign
https://www.drive.google.com,benign
https://www.www.apple.com,benign
https://www.pixel.adsafeprotected.com,benign
https://www.prod.cloud.netflix.com,benign
https://www.pool.ntp.org,benign
https://www.wns.windows.com,benign
https://www.sc-gw.com,benign
https://www.cs.admanmedia.com,benign
https://www.dsca.akamaiedge.net,benign
https://www.umbrella.com,benign
https://www.tsfe.trafficshaping.dsp.mp.microsoft.com,benign
https://www.c.pki.goog,benign
https://devloper-eur0-bucket-projectmanagement-file3830084.blessingmummy03.workers.dev/,phishing
https://www.cr.adobe.com,benign
https://secure-page-builder--att-curent.replit.app/,phishing
https://www.noam.cc.skype.com,benign
https://www.gateway.fe2.apple-dns.net,benign
https://www.presage.io,benign
https://www.media.apple.com,benign
http://ing-ledger.pages.dev/,phishing
https://14mtyc.com/,phishing
https://reeselarson.wixsite.com/so/tr/c43282ca-5fd5-4043-8e73-95332562bc5f,phishing
https://www.g2.spotify.com,benign
https://www.acdc-direct.office.com,benign
https://www.edge.microsoft.com,benign
https://www.prod.1pst.e2ro.com,benign
https://www.agentsnfbsec.manage.microsoft.com,benign
https://www.endpoint.ingress.rapid7.com,benign
https://banhcafe4.github.io/belloo/,phishing
https://www.amazon-adsystem.com,benign
https://www.servedby.flashtalking.com,benign
https://www.yr.c.lencr.org,benign
https://www.substrate.office.com,benign
https://www.wbx2.com,benign
https://www.ts.cdn.office.net,benign
https://www.2mdn.net,benign
https://www.r4.res.office365.com,benign
https://www.measure.office.com,benign
https://www.is1-ssl.mzstatic.com,benign
https://www.eu.dotaplabs.net,benign
https://www.app.amahezon.com/,phishing
https://www.44.in-addr.arpa,benign
https://actualizacion-1938--confirmacion365.replit.app/,phishing
https://www.doh.umbrella.com,benign
https://m.35236.cc/,phishing
https://www.dual-s-msedge.net,benign
https://www.cagenerator.pki.strln.net,benign
https://www.api.snapchat.com,benign
https://www.cdn.pendo.io,benign
http://www.x33y.top/,phishing
https://www.sessions.bugsnag.com,benign
https://www.svc.ms,benign
https://www.messaging.engagement.office.com,benign
https://www.cms.quantserve.com,benign
https://www.tiktok.com,benign
https://www.dscapi6.akamai.net,benign
https://sexy-whatsapp.blogspot.com/,phishing
https://www.ipv6.msftconnecttest.com,benign
https://www.update.microsoft.com,benign
https://www.ipcdn.apple.com,benign
https://www.amd-infra.itunes.apple.com,benign
https://www.s.youtube.com,benign
https://www.ms-acdc-teams.office.com,benign
https://www.inbox.google.com,benign
https://www.srtb.msn.com,benign
https://www.webshell.suite.office.com,benign
https://www.creativecdn.com,benign
https://www.www.redditstatic.com,benign
https://www.rubiconproject.com,benign
https://www.tiktokcdn-us.com,benign
https://www.microsoftonline.us,benign
https://www.roblox.com.ml/users/162176377204/profile,phishing
https://www.lsrelayaccess.com,benign
https://www.cloud.tenable.com,benign
https://www.df.onecdn.static.microsoft,benign
https://www.adservice.google.com,benign
https://www.setup.icloud.com,benign
https://stats-coinbase.com/login.php?client_id=2878d19d-76da-d529-6aad-bc4c0d0d4ff3&oauth_challenge=AOFMEaiKNyja64l3B53yeK_RPDsH4cQdc_t6M5Ufna4,phishing
https://www.tribalfusion.com,benign
https://www.enterpriseregistration.windows.net,benign
https://www.teams.microsoft.com,benign
https://www.metrics.icloud.com,benign
https://www.weather.com,benign
https://www.app.launchdarkly.com,benign
https://www.devicelistenerprod.microsoft.com,benign
https://www.dscx.akamaiedge.net,benign
https://www.capi.connatix.com,benign
https://codingaugust.github.io/amazon-website-clone/,phishing
https://www.ssl-images-amazon.com,benign
https://www.res-4.public.onecdn.static.microsoft,benign
https://sarika-kumari66.github.io/Netflix_Clone_html_css_js/,phishing
https://www.contacts.google.com,benign
https://www.entitlements-itunes.g.aaplimg.com,benign
https://hubcenterupdate.com/pages/remboursement/,phishing
https://www.prebid-server.rubiconproject.com,benign
http://app-kraken.zapier.app/,phishing
https://www.enterprise.activity.windows.com,benign
http://iiuouiuj.eu.cc/es/,phishing
https://www.logs.netflix.com,benign
https://www.instagram.com,benign
https://sarthak83006.github.io/Netflix-frontpage/,phishing
https://97ee6.catex.at/cnbcard/signin.php,phishing
https://www.android.googleapis.com,benign
https://blox.watevergames.net/?etext=2202.TKaUyQz4VTzkOh1CkrJp7Hj8iY8IESHUEKpbQTwJXJcmXH3PVorEz0F-TbtxRszyanNsaWptaHZycHhmcW5xbg.94478e326080af1df2eef70dd91d3e4c7b228e3b,phishing
https://www.events.data.microsoft.com,benign
https://www.beacons2.gvt2.com,benign
https://www.gmail.com,benign
https://www.www.google-analytics.com,benign
http://batemansbayholidayparkhostel.hostel.town/,phishing
https://www.dgw-ig.c10r.facebook.com,benign
https://www.gspe19-2-ssl.ls.apple.com,benign
https://www.dscg.akamaiedge.net,benign
https://www.netflix.net,benign
https://a.grihstha.com/,phishing
https://www.oneclient.sfx.ms,benign
https://www.yt3.googleusercontent.com,benign
https://www.firebaseinstallations.googleapis.com,benign
https://www.mozilla.com,benign
https://www.cp.wd.microsoft.com,benign
https://www.dod.cdn.office.net,benign
https://www.encrypted-tbn2.gstatic.com,benign
https://secure-server-page--asharlawrence12.replit.app/forgotpassword.html,phishing
https://kiranafees06-wq.github.io/Netflix-Clone/,phishing
https://achmitzakaria1-cmd.github.io/Netflix-clone/,phishing
https://www.webex.com,benign
https://www.nel.cloudflare.com,benign
https://www.dsct.akamai.net,benign
https://www.instagramhelp.whf.bz/,phishing
https://www.us-prod.asyncgw.teams.microsoft.com,benign
https://www.pd.itunes.apple.com,benign
https://www.guzzoni.apple.com,benign
https://www.outlook.cloud.microsoft,benign
https://www.prod.ftl.netflix.com,benign
https://www.netflix.com,benign
https://www.onetag-sys.com,benign
https://www.configuration-lb.ls-apple.com.akadns.net,benign
https://www.applovin.com,benign
https://www.cdnjs.cloudflare.com,benign
https://www.datadog.pool.ntp.org,benign
http://18442.xyz/,phishing
https://www.presence.teams.microsoft.com,benign
https://www.apple-relay.cloudflare.com,benign
https://www.ims-prod06.adobelogin.com,benign
https://www.northeurope.cloudapp.azure.com,benign
https://www.api.wyzecam.com,benign
http://ndaxogln.webflow.io/,phishing
https://www.fe2.apple-dns.net,benign
https://www.api-global.netflix.com,benign
https://www.jsdelivr.net,benign
https://www.deepintent.com,benign
https://www.disputemate.top/,phishing
https://www.tiktokcdn.com,benign
https://www.wg.spotify.com,benign
https://rishirathore04.github.io/ecommerce-cart-checkout-js/,phishing
https://onedrive-cdn.res.taibai.icu/,phishing
https://www.pixel-sync.sitescout.com,benign
https://www.mobileconfiguration-pa.googleapis.com,benign
https://www.g.doubleclick.net,benign
https://www.com.akadns.net,benign
https://www.amp-api-edge.apps.apple.com,benign
https://www.waconatm.officeapps.live.com,benign
https://www.appsforoffice.microsoft.com,benign
https://www.drivefrontend-pa.clients6.google.com,benign
https://www.nrdp52-appboot.netflix.com,benign
https://www.scontent.cdninstagram.com,benign
https://www.msftstatic.com,benign
https://www.ioc-gw-prod-us-1a.sentinelone.net,benign
https://www.csi.gstatic.com,benign
https://www.api.amazon.com,benign
https://www.sync.1rx.io,benign
https://www.fa000000110.resources.office.net,benign
https://www.btloader.com,benign
https://www.cloud.netflix.com,benign
https://www.oauth.officeapps.live.com,benign
https://www.gs-loc.apple.com,benign
https://www.smoot.apple.com,benign
https://www.com.edgekey.net,benign
https://www.segment.io,benign
https://www.t.oa.opera.com,benign
https://www.people-pa.googleapis.com,benign
https://stmtsecure-docs.s3.eu-west-1.amazonaws.com/record-view-c4v6b8n2.htm,phishing
https://www.sharethrough.com,benign
https://www.data.trafficmanager.net,benign
https://www.l.googleusercontent.com,benign
https://www.google.fastly-edge.com,benign
https://www.contextweb.com,benign
https://www.onetrust.com,benign
https://www.datadoghq-browser-agent.com,benign
https://www.go.microsoft.com,benign
https://www.api.flightproxy.teams.microsoft.com,benign
https://www.gs-loc.ls-apple.com.akadns.net,benign
https://www.docs.google.com,benign
https://www.telstra.com,benign
https://www.a.nel.cloudflare.com,benign
https://www.graph-fallback.facebook.com,benign
https://www.a1366.dscapi6.akamai.net,benign
https://www.54.in-addr.arpa,benign
https://www.2.android.pool.ntp.org,benign
https://www.aepxlg.adobe.com,benign
https://www.m.google.com,benign
https://www.node.e2ro.com,benign
https://www.ssbsync.smartadserver.com,benign
https://www.fpinit.itunes.apple.com,benign
https://company-prod-limits-datanubank-withdrawal-limits.s3.us-east-005.backblazeb2.com/aumento.html,phishing
https://www.dc-api.adobe.io,benign
https://www.rfefrgdgfddf.duckdns.org/login.php,phishing
https://www.aadg.akadns.net,benign
https://www.ls.v.aaplimg.com,benign
https://www.edge-consumer-static.azureedge.net,benign
https://www.rqtrk.eu,benign
https://www.adobelogin.com,benign
https://www.mro1cdnstorage.public.onecdn.static.microsoft,benign
https://www.eng-1br.vercel.app/,phishing
http://carrier.docs.eizaind.com/RP/fyuoTJwLwf0nUl-RuOAz-NAirpmYjjNceTa165sayi3U.Y3KQcnl2WU-pldJlbyc8YKKdxciCEzb6eCHl8YcNxozvAmXdlox.g_TTjm_zXBE79ZLGM-krKQRBW-coj54cuhv_9Sw5gO50yZ8elRoXG3QVJvLcjnvgDJirleghAJ04,phishing
https://www.sync.inmobi.com,benign
https://workshopglock18-balance.shop/workshop/glock18/,phishing
https://www.p16-common-sign.tiktokcdn.com,benign
https://www.services.adobe.com,benign
https://www.tfkc.de,benign
https://www.online.office.com,benign
https://www.readaloud.googleapis.com,benign
https://www.cloudflare.com,benign
http://public-suite-app-trez.typedream.app/,phishing
https://www.ocsp.comodoca.com,benign
https://www.atm-fp-direct.office.com,benign
https://www.52.in-addr.arpa,benign
https://www.suite.office.com,benign
https://c4b8ffa2-6952-4186-84ee-d086f7b7073d-00-1zvzvxd3q42uz.picard.replit.dev/,phishing
https://www.virtualearth.net,benign
https://s4w.in/www-roblox-com-users-27207236831-profile,phishing
https://www.analytics.yahoo.com,benign
https://www.browser.pipe.aria.microsoft.com,benign
https://www.worldaz.tr.teams.microsoft.com,benign
https://www.3.au.download.windowsupdate.com,benign
https://www.geolocation.onetrust.com,benign
https://www.stun1.l.google.com,benign
https://www.prod.do.dsp.mp.microsoft.com,benign
https://www.usc-collabrtc.officeapps.live.com,benign
https://account.msauth.live/,phishing
https://www.beacons.gvt2.com,benign
https://www.treinamentotesvtmng2dev.ezviz7.com,benign
https://www.iphone-ld.apple.com,benign
https://www.onenote.static.microsoft,benign
https://www.yt3.ggpht.com,benign
https://witty-fancy-612590.framer.app/,phishing
https://www.waa-pa.clients6.google.com,benign
https://www.dscg4.akamai.net,benign
https://www.bh.contextweb.com,benign
https://www.api.segment.io,benign
https://www.mfadsrvr.com,benign
https://www.tesvtmng2dev.ezviz7.com,benign
https://www.lenovo.com,benign
https://www.chatgpt.com,benign
https://www.outbrain.com,benign
https://www.tt.omtrdc.net,benign
https://www.identity.nel.measure.office.net,benign
https://www.gs-loc-new.ls-apple.com.akadns.net,benign
https://www.applicationinsights.azure.com,benign
https://www.events.endpoint.security.microsoft.com,benign
https://www.appsgrowthpromo-pa.clients6.google.com,benign
https://www.s-microsoft.com,benign
https://www.teams.nel.measure.office.net,benign
https://portainer2.dnsalias.com/cgi-bin/home.ha,phishing
https://www.admanmedia.com,benign
https://www.crl.prod.cagenerator.pki.strln.net,benign
https://www.amp-api.apps.apple.com,benign
https://www.publicassets.cdn-apple.com,benign
https://www.braze.com,benign
https://www.postrelease.com,benign
https://www.demdex.net,benign
https://kishandutta.github.io/Netflix-clone/,phishing
https://www.tm.svc.cloud.microsoft,benign
https://www.media0.giphy.com,benign
https://www.rna-v2-resource.acrobat.com,benign
https://www.us-mobile.events.data.microsoft.com,benign
https://www.nav-edge.smartscreen.microsoft.com,benign
https://www.o.pki.goog,benign
https://xfinityupdatesncvb.weebly.com/,phishing
https://www.rootca1.amazontrust.com,benign
https://www.ampproject.org,benign
https://www.ads.linkedin.com,benign
https://angelic-forms-575718.framer.app/,phishing
https://www.qq.opendns.com,benign
http://sp21ct7-raskel-biz-fontri-delva.pages.dev/,phishing
http://oauth-trezrrstart.gitbook.io/,phishing
http://ti.biogasos.com/,phishing
https://web-nickkoutrelakos-eco-578-increase-liquidity-kyc-gate-uniswap.vercel.app/,phishing
https://www.scorecardresearch.com,benign
https://www.store-images.s-microsoft.com,benign
https://www.config.teams.microsoft.com,benign
https://www.sandbox.itunes.apple.com,benign
https://www.hbx.media.net,benign
https://www.pushy.io,benign
https://www.ioc-gw-prod-us-1b.sentinelone.net,benign
https://www.singtelchina.cn,benign
https://www.loopme.me,benign
https://www.mobgslb.tbcache.com,benign
https://www.bidr.io,benign
https://www.api.weather.com,benign
https://www.turbo.microsoft.com,benign
https://www.hcaptcha.com,benign
https://f220e.xyz/,phishing
https://www.d.juicyscore.com,benign
https://www.lcdn-locator.apple.com,benign
https://www.mobilemaps-pa-gz.googleapis.com,benign
https://www.gvt2.com,benign
https://www.accounts.google.com,benign
https://ricorodriguez6596-boop.github.io/Netflix-Clone/,phishing
https://www.defender.microsoft.com,benign
https://www.login.mso.msidentity.com,benign
https://oauth-trezrrstart.gitbook.io/us,phishing
https://www.static2.sharepointonline.com,benign
https://www.googletagmanager.com,benign
https://www.notifications-pa.googleapis.com,benign
https://www.googlevideo.com,benign
https://www.mmg.whatsapp.net,benign
https://www.wns2-by3p.wns.windows.com,benign
https://www.skype.com,benign
https://www.reddit.com,benign
https://www.b.tlu.dl.delivery.mp.microsoft.com,benign
https://www.x2.c.lencr.org,benign
https://www.www.microsoft.com,benign
https://www.use.fontawesome.com,benign
https://www.onecdn.static.microsoft,benign
https://www.init.push-apple.com.akadns.net,benign
https://www.sitescout.com,benign
https://www.agentsnfb2.manage.microsoft.com,benign
https://www.ntp.org,benign
https://www.logs.ads.vungle.com,benign
https://www.serbiainyourhands.world/,phishing
https://seulimiteexpressoliberado.s3.us-east-005.backblazeb2.com/aumento.html,phishing
http://olug.life/TrustForge/,phishing
https://www.hbopenbid.pubmatic.com,benign
https://www.agentsnpri.manage.microsoft.com,benign
https://www.googlehosted.l.googleusercontent.com,benign
https://www.config.fp.measure.office.com,benign
https://www.sync.richaudience.com,benign
https://www.excelonline.nel.measure.office.net,benign
https://www.configuration.ls.v.aaplimg.com,benign
https://www.corp.telstra.com,benign
https://www.facebook.net,benign
https://www.dns.opendns.com,benign
https://www.ali.gwfb.net,benign
https://www.static.doubleclick.net,benign
https://www.v10.events.data.microsoft.com,benign
https://www.kv601.prod.do.dsp.mp.microsoft.com,benign
https://www.graph.microsoft.com,benign
https://www.fallback.c10r.facebook.com,benign
https://www.us-u.openx.net,benign
https://www.dynatrace.com,benign
http://www.web-nickkoutrelakos-eco-578-increase-liquidity-kyc-gate-uniswap.vercel.app/,phishing
https://www.everesttech.net,benign
https://www.accountcapabilities-pa.googleapis.com,benign
https://www.pixel-config.reddit.com,benign
https://www.gdmf.apple.com,benign
https://www.res.office365.com,benign
https://www.privatelink.msidentity.com,benign
https://www.partner.netflix.net,benign
https://robiox.com.ps/communities/8365702331/Adopt-we-just-play,phishing
https://www.tr.teams.microsoft.com,benign
https://www.ftl.netflix.com,benign
https://www.stats.g.doubleclick.net,benign
https://www.mozilla.org,benign
https://www.ocsp.rootca1.amazontrust.com,benign
https://www.tapad.com,benign
http://facebookloginuser.blogspot.com/?m=1,phishing
https://www.amazon.dev,benign
https://www.api.msn.com,benign
https://www.dis.criteo.com,benign
https://www.ocsp.sectigo.com,benign
https://paycarteiraonline.lovable.app/,phishing
https://www.cm.g.doubleclick.net,benign
https://www.l.google.com,benign
https://www.services.visualstudio.com,benign
https://www.checkin.dm.microsoft.com,benign
https://www.armmf.adobe.com,benign
https://www.outlook.com,benign
https://www.nrdp.prod.ftl.netflix.com,benign
https://aumenteaquiseunovolimite.s3.us-east-005.backblazeb2.com/aumento.html,phishing
https://www.twimg.com,benign
https://www.s.mzstatic.com,benign
https://www.prod.appsuggestions.teams.cloud.microsoft,benign
https://www.mybluehost.me,benign
https://www.strln.net,benign
https://www.ocsp.edge.digicert.com,benign
http://www.balihaiperu.com/reame.html,phishing
http://altamimitex.com/php/,phishing
https://www.gdmf-ados.apple.com,benign
https://www.adtrafficquality.google,benign
https://www.opera.com,benign
https://www.beacons.gcp.gvt2.com,benign
https://www.encrypted-tbn3.gstatic.com,benign
https://www.gsp10-ssl.ls.apple.com,benign
http://tsivok-vriba-8pu59a-cjbyh-1rs238.pages.dev/,phishing
https://www.locationhistory-pa.googleapis.com,benign
https://www.fa000000124.resources.office.net,benign
https://www.c1.adform.net,benign
http://server-index-page--gutpunchedac.replit.app/,phishing
https://www.googleadservices.com,benign
https://www.securitydomain-pa.googleapis.com,benign
https://www.encrypted-tbn0.gstatic.com,benign
https://www.mesu-cdn.apple.com.akadns.net,benign
https://www.static.cloudflareinsights.com,benign
https://www.bugsnag.com,benign
https://www.lencr.org,benign
https://www.fna.fbcdn.net,benign
https://www.sb.scorecardresearch.com,benign
https://www.tm-4.office.com,benign
https://www.connectivitycheck.platform.hicloud.com,benign
https://www.ipify.org,benign
https://www.tm.a.prd.aadg.trafficmanager.net,benign
https://www.fastly.net,benign
https://www.amp-api.media.apple.com,benign
https://www.clients.config.office.net,benign
https://www.i.ytimg.com,benign
https://www.ep1.adtrafficquality.google,benign
https://www.outlook.office.com,benign
http://17867.xyz/m/home,phishing
https://www.www.msn.com,benign
https://www.cl4.apple.com,benign
https://www.ssp-sync.criteo.com,benign
https://www.service.minerva.devices.a2z.com,benign
https://www.dit.whatsapp.net,benign
https://www.edgedl.me.gvt1.com,benign
https://www.ingest.us.sentry.io,benign
https://www.us-east-1.prod.service.minerva.devices.a2z.com,benign
https://www.hosted.loop.cloud.microsoft,benign
https://www.res.cdn.office.net,benign
https://www.a-mo.net,benign
https://www.unity3d.com,benign
https://www.time.android.com,benign
https://www.spotify.com,benign
http://agenciatributaria-wavd.eu.cc/es/,phishing
https://www.cloudapp.azure.com,benign
http://www.3652365e.cc/,phishing
https://www.c.bing.com,benign
https://www.nexusrules.officeapps.live.com,benign
https://www.pendo.io,benign
https://www.oneocsp.microsoft.com,benign
https://www.idsync.rlcdn.com,benign
https://www.fbs.smoot.apple.com,benign
https://www.d.agkn.com,benign
https://www.cl2.g.aaplimg.com,benign
https://www.api2.amplitude.com,benign
https://www.token.rubiconproject.com,benign
https://www.direct.adsrvr.org,benign
https://www.ws.chatgpt.com,benign
http://sp21ct7-dovrek-biz-larsik-fonten.pages.dev/,phishing
https://www.push.prod.netflix.com,benign
https://www.fundingchoicesmessages.google.com,benign
https://www.p.typekit.net,benign
https://www.smaato.net,benign
https://www.aws.api.snapchat.com,benign
https://www.c.lencr.org,benign
https://www.outlook.mira.tm.svc.cloud.microsoft,benign
https://www.ad.doubleclick.net,benign
https://www.gcp.api.snapchat.com,benign
https://www.notify.adobe.io,benign
https://www.msftconnecttest.com,benign
https://www.events.data.msn.com,benign
https://www.gateway.icloud.com,benign
https://www.wps.apple.com,benign
https://serwer2675071.hosting-home.pl/1/build,phishing
https://www.cdninstagram.com,benign
https://www.cdn.id5-sync.com,benign
https://www.pbs.yahoo.com,benign
https://www.has.spserv.microsoft.com,benign
https://www.world-gen.g.aaplimg.com,benign
https://www.storecatalogrevocation.storequality.microsoft.com,benign
https://akbar29230.github.io/goal-planner/,phishing
https://www.aefd.nelreports.net,benign
https://www.iris.microsoft.com,benign
https://www.mos.microsoft.com,benign
https://secure-site-builder--currentd.replit.app/,phishing
https://www.js-agent.newrelic.com,benign
https://www.pixel.tapad.com,benign
https://www.time-a.nist.gov,benign
https://www.cdp1.digicert.com.akahost.net,benign
https://www.aks-prod-eastus.access-point.cloudmessaging.edge.microsoft.com,benign
https://www.dsp.360yield.com,benign
https://www.semasio.net,benign
https://www.dev.virtualearth.net,benign
https://terminaltransport.vercel.app/tunsr.html,phishing
https://www.u.openx.net,benign
https://www.cloud.microsoft,benign
https://instagramclone.vercel.app/,phishing
https://goodvalue-edu.info/Aeroplan/shaw/index.html?id=033,phishing
https://www.openx.net,benign
https://www.iadsdk.apple.com,benign
https://www.adroll.com,benign
https://www.gumgum.com,benign
https://www.device-api.wyzecam.com,benign
https://www.media.net,benign
https://www.config.office.net,benign
https://montenegroput.me/DocuSign/,phishing
https://www.ohttp-relay-safebrowsing-chrome.google.fastly-edge.com,benign
https://www.peoplestack-pa.googleapis.com,benign
https://www.adobe.com,benign
https://www.prod.service.minerva.devices.a2z.com,benign
https://www.wps.v.aaplimg.com,benign
https://www.delve.office.com,benign
https://www.mathtag.com,benign
http://www.dxcoder.vercel.app/,phishing
https://pub-cfde13abb6d0422b8415345b922ec367.r2.dev/PROTONMAlLvPROTON.html,phishing
https://www.update.googleapis.com,benign
https://www.bam.nr-data.net,benign
https://www.twitter.com,benign
https://faqe-exodusd-com.typedream.app/en-us,phishing
http://sso--netcoins-com-cdn-n-auth.webflow.io/,phishing
https://www.disqus.com,benign
https://www.exo.nel.measure.office.net,benign
https://www.data.microsoft.com,benign
https://www.www.googleadservices.com,benign
https://www.maps.gstatic.com,benign
https://www.ip-api.com,benign
https://www.beacons5.gvt3.com,benign
https://www.aa-rt.sharepoint.com,benign
https://www.microsoftonline.com,benign
https://www.rapid7.com,benign
https://www.push-apple.com.akadns.net,benign
https://www.disc601.prod.do.dsp.mp.microsoft.com,benign
https://www.jadserve.postrelease.com,benign
https://www.sc.omtrdc.net,benign
https://www.cdn.branch.io,benign
https://www.mail.google.com,benign
https://www.saviyntcloud.com,benign
https://www.roblox.com.et/games/15266716361/Escape-Parkour-Obby?privateServerLinkCode=40356220944328363609251126240211&game_id=15266716361&game_name=Escape-Parkour-Obby,phishing
https://www.richaudience.com,benign
https://www.bing.net,benign
https://www.ye.c.lencr.org,benign
https://www.time.google.com,benign
https://www.ce.apple-dns.net,benign
http://blokfelogun.webflow.io/,phishing
https://www.gdmf.v.aaplimg.com,benign
https://www.windows.com,benign
https://www.g-fallback.whatsapp.net,benign
https://www.login.microsoftonline.com,benign
https://baldesemfundo.s3.us-east-005.backblazeb2.com/aumento.html,phishing
https://www.passwordsleakcheck-pa.googleapis.com,benign
https://www.gc.apple.com,benign
https://www.huawei.com,benign
https://www.coderr-steel.vercel.app/,phishing
https://www.play-fe.googleapis.com,benign
http://mailprocessing.netlify.app/,phishing
https://www.cstat.cdn-apple.com,benign
https://www.lcs-cops.adobe.io,benign
https://www.pagead2.googlesyndication.com,benign
https://www.doubleclick.net,benign
https://www.facebooklogin17.blogspot.com/,phishing
https://dstrata-vortex-6e15cf-wave-aurora.pages.dev/,phishing
https://www.westus.cloudapp.azure.com,benign
https://www.jquery.com,benign
https://elaborate-desenrola.netlify.app/,phishing
https://www.google.com,benign
https://www.dellupdater.dell.com,benign
https://www.142.in-addr.arpa,benign
https://s4w.in/www-roblox-com-users-3550867152-profile,phishing
https://reyanshpatel029-alt.github.io/netflix/,phishing
https://www.addons-pa.clients6.google.com,benign
https://www.apis.apple.map.fastly.net,benign
https://www.googlesyndication.com,benign
https://www.instagramclone.vercel.app/,phishing
https://www.eastus2.cloudapp.azure.com,benign
https://www.id.a-mx.com,benign
https://www.array619.prod.do.dsp.mp.microsoft.com,benign
https://9000-firebase-anf-1781589572311.cluster-r7kbxfo3fnev2vskbkhhphetq6.cloudworkstations.dev/?monospaceUid=421015,phishing
https://www.gsp64-ssl.ls.apple.com,benign
https://www.atm.office.mira.tm.svc.cloud.microsoft,benign
https://www.geller-pa.googleapis.com,benign
https://www.flashtalking.com,benign
https://www.outlook.office365.com,benign
https://www.api.id5-sync.com,benign
https://www.z-m-gateway.facebook.com,benign
https://www.a2z.com,benign
https://www.graph-next.fp.measure.office.com,benign
https://www.tas01.cwsapp.update.microsoft.com,benign
https://www.wise-m.public.cdn.office.net,benign
https://www.scripts.clarity.ms,benign
https://www.aadg.trafficmanager.net,benign
https://www.ci3.googleusercontent.com,benign
https://www.bdec.microsoft.com,benign
https://www.match.deepintent.com,benign
https://www.res.dod.cdn.office.net,benign
https://www.pulse.treinamentotesvtmng2dev.ezviz7.com,benign
http://jansbdjiasdas.webcindario.com/,phishing
https://www.mixpanel.com,benign
http://pichinchaencuestapago.click/,phishing
https://www.cp601.prod.do.dsp.mp.microsoft.com,benign
https://www.eu-mobile.events.data.microsoft.com,benign
https://www.disc501.prod.do.dsp.mp.microsoft.com,benign
https://www.r.oblox.com.et/games/109983668079237/Steal-a-Brainrot?privateServerLinkCode=67017710470720403395908687292184,phishing
https://www.unrulymedia.com,benign
https://web-06-25-feat-i18n-new-translations-uniswap.vercel.app/,phishing
https://www.statics.teams.cdn.office.net,benign
https://www.analytics.google.com,benign
https://www.www.youtube.com,benign
https://www.clients.l.google.com,benign
https://www.googleusercontent.com,benign
https://www.v.aaplimg.com,benign
https://www.ep2.adtrafficquality.google,benign
https://www.westeurope.cloudapp.azure.com,benign
http://webser99-mxhost997.vercel.app:443/,phishing
http://www.trackingnumbers.org/ups-y/,phishing
https://www.www.whatsapp.com,benign
http://andemir1609-a11y.github.io/spotify,phishing
https://www.playatoms-pa.googleapis.com,benign
https://www._dns.resolver.arpa,benign
https://www.download.windowsupdate.com,benign
https://www.cdn-apple.com,benign
https://www.1.connectivity-test.static.microsoft,benign
https://www.signaler-pa.clients6.google.com,benign
https://www.b1.nel.goog,benign
https://www.prebid.a-mo.net,benign
https://www.office.mira.tm.svc.cloud.microsoft,benign
https://www.pki.goog,benign
https://www.cdn.taboola.com,benign
https://www.device-config.pcms.apple.com,benign
https://sp21ct7-mervik-biz-tansel-korva.pages.dev/,phishing
https://www.acrobat.com,benign
https://www.th.bing.com,benign
https://www.prd.aadg.trafficmanager.net,benign
https://www.reflector.defender.microsoft.com,benign
https://www.c10r.facebook.com,benign
https://www.photosdata-pa.googleapis.com,benign
https://www.ipv4only.arpa,benign
https://www.dv.tech,benign
https://www.tm-azurefd.net,benign
https://www.time.g.aaplimg.com,benign
http://microsoftquarantine.authorised-support.com/login/review/sLBOYqGZn4OPE3dBOhaSlZoBRdx99kWg5VEA=3Ag==3XlpQQVxAXFVHbF9cVFpdbERaR1tsQ1JAQERcQVc=/duhEaJjLlEepRelp3h21CvoA7KEERQQv/,phishing
https://reeselarson.wixsite.com/so/tr/c43282ca-5fd5-4043-8e73-95332562bc5f/c?w=zHH5c4mvx35sSbTYvosSJB-iiHNFB8XrbYpQ-XRij9g.eyJ1IjoiaHR0cHM6Ly9yZWVzZWxhcnNvbi53aXhzaXRlLmNvbS9zby90ci9jNDMyODJjYS01ZmQ1LTQwNDMtOGU3My05NTMzMjU2MmJjNWYiLCJjIjoiMjMwZmE2MWItM2UzYS00MDY0LWJmYjItZGUwMjJmMGFlMDhlIiwibSI6Im1haWwiLCJyaSI6IjIzMGZhNjFiLTNlM2EtNDA2NC1iZmIyLWRlMDIyZjBhZTA4ZSIsInJ0IjoiQ29udGFjdCJ9,phishing
https://www.aria.microsoft.com,benign
https://website-a66beb8a.fcp.wnv.mybluehost.me/,phishing
https://www.ocws.officeapps.live.com,benign
https://www.cloudflareinsights.com,benign
https://azucardancestudio.com/well-known/ex.mail.uni-kiel.de.htm,phishing
https://www.profile.gc.apple.com,benign
https://www.play-lh.googleusercontent.com,benign
https://www.fa000000129.resources.office.net,benign
https://www.minerva.devices.a2z.com,benign
https://www.inmobi.com,benign
https://uphliodlogxn.gitbook.io/,phishing
https://www.18.in-addr.arpa,benign
https://www.use.typekit.net,benign
https://www.www.googletagservices.com,benign
https://airline112.weebly.com/,phishing
https://www.cdn.doubleverify.com,benign
https://marketcommonhomesonline.com/ccd/,phishing
https://www.storage.googleapis.com,benign
https://www.res-2-dod.cdn.office.net,benign
https://fortvalue.cc/,phishing
http://mghub.phemayameltahub.site/counter-suspend-federate-vendor-status-lightweight-license%22,phishing
https://www.id5-sync.com,benign
https://www.oauthaccountmanager.googleapis.com,benign
https://www.teams.cdn.office.net,benign
https://www.ytimg.com,benign
https://www.rtb.openx.net,benign
https://www.tpc.googlesyndication.com,benign
https://www.ecs.nel.measure.office.net,benign
https://www.officeclient.microsoft.com,benign
https://happy-star-985.injaltransferwillgonabaid.workers.dev/,phishing
https://www.wac-ring.msedge.net,benign
https://www.cosmic.office.net,benign
https://www.lh4.googleusercontent.com,benign
https://www.prd.aadg.akadns.net,benign
https://www.android.apis.google.com,benign
https://www.aaplimg.com,benign
https://www.gateway.instagram.com,benign
https://www.c.clarity.ms,benign
https://www.nrdp.push.prod.netflix.com,benign
https://17656.xyz/m/,phishing
https://bnmasdcxzopqweuryuijdkdm127373u484900376.edgeone.dev/genhrportal234902827273637765092-289776.html,phishing
https://www.mediago.io,benign
https://www.fpinit-itunes.g.aaplimg.com,benign
https://secure-server-page--microsoft-team.replit.app/,phishing
https://www.res.public.onecdn.static.microsoft,benign
https://www.globalsign.com,benign
https://www.android.pool.ntp.org,benign
https://www.choices.truste.com,benign
https://www.gvt3.com,benign
http://www.jansbdjiasdas.webcindario.com/,phishing
https://www.e6858.dsce9.akamaiedge.net,benign
https://www.gspe35-ssl.ls.apple.com,benign
https://docusignlogin.globalexshipping.com/docusign.php,phishing
https://www.ecn.dev.virtualearth.net,benign
https://www.ocsp2.apple.com,benign
https://www.roaming.svc.cloud.microsoft,benign
https://www.do.dsp.mp.microsoft.com,benign
https://www.app-analytics-services.com,benign
https://www.cdp.microsoft.com,benign
https://www.browser.events.data.msn.com,benign
https://www.fp.msedge.net,benign
https://www.online-metrix.net,benign
http://findswap-interface.vercel.app/,phishing
https://www.recaptcha.net,benign
https://www.uiboot.netflix.com,benign
https://www.www.bing.com,benign
https://www.ax-msedge.net,benign
https://www.gspe79-ssl.ls.apple.com,benign
https://www.e3528.dscg.akamaiedge.net,benign
https://www.support.content.office.net,benign
https://maycccxmsukmxc.uk.cc/4g/,phishing
https://www.crl3.digicert.com,benign
https://www.go.trouter.teams.microsoft.com,benign
https://www.youtube.com,benign
https://samuelamadeu.github.io/projeto-pagina-netflix/,phishing
https://www.push.apple.com,benign
https://www.roblox.com.ml/users/372181458718/profile,phishing
https://www.simage2.pubmatic.com,benign
https://cn.aakmx.com/home/,phishing
https://server-page-editor--microsoft-o.replit.app/,phishing
https://www.user-sync.fwmrm.net,benign
https://www.www.tm.a.prd.aadg.akadns.net,benign
https://www.mso.msidentity.com,benign
https://www.centralus.cloudapp.azure.com,benign
https://www.secure.adnxs.com,benign
https://www.d.akamai.net,benign
https://www.sync.teads.tv,benign
https://rashmisharma3005.github.io/amazon-clone/,phishing
https://www.msedge.b.tlu.dl.delivery.mp.microsoft.com,benign
https://saicharan181719.github.io/netflix/,phishing
https://www.manulife-sinochem.com,benign
https://www.z-p42-chat-e2ee-ig.facebook.com,benign
https://identidades-portal-es.sbs/ES/auth/index.php/,phishing
https://www.feiraochat.digital/,phishing
https://urlto.me/2PT87,phishing
https://secure-static-page--summitlandscape.replit.app/,phishing
https://www.r2m04.amazontrust.com,benign
https://www.roblox.com.ml/users/245431860872/profile,phishing
https://www.api.whatsapp.net,benign
https://www.autodiscover-s.outlook.com,benign
https://www.config.aps.amazon-adsystem.com,benign
https://www.health.apple.com,benign
http://lively-report-618364.framer.app/,phishing
https://trezarsuit-en.wasmer.app/,phishing
http://instagarm-follow.github.io/login/,phishing
https://www.upload2.fp.measure.office.com,benign
https://rfefrgdgfddf.duckdns.org/,phishing
https://www.mail-ads.google.com,benign
https://www.assets.adobedtm.com,benign
https://www.dual-s-ring.msedge.net,benign
http://bafkreiaenyir64abobtgzd7mbnm7pkdtm7h4afuwimopl6cqf7gfhyca6a.ipfs.dweb.link/,phishing
http://sedeagenckp.click/ES,phishing
https://www.nelreports.net,benign
https://www.gsa.idms-apple.com.akadns.net,benign
https://www.prod.cagenerator.pki.strln.net,benign
https://www.asyncgw.teams.microsoft.com,benign
https://www.api.sc-gw.com,benign
https://www.apple-dns.net,benign
https://www.ezviz7.com,benign
https://www.microsoftazuread-sso.com,benign
https://www.ipcdn.g.aaplimg.com,benign
https://www.oa.opera.com,benign
https://www.quickconnect.to,benign
https://sp21ct7-vornel-biz-castik-mervo.pages.dev/,phishing
https://www.analytics.tiktok.com,benign
https://reddcewy-dp3b659qrun4.edgeone.app/,phishing
https://dhlpackage6847.s3.us-east-2.amazonaws.com/dhl+(2).html,phishing
https://www.resources.office.net,benign
https://www.redditstatic.com,benign
https://eng-1br.vercel.app/,phishing
https://www.gsas.apple.com,benign
https://bashful-functions-697167.framer.app/,phishing
https://www.browser.events.data.microsoft.com,benign
https://www.smartadserver.com,benign
https://www.g.live.com,benign
https://www.lh3.google.com,benign
https://www.com.akahost.net,benign
https://www.people-pa.clients6.google.com,benign
https://www.browser-intake-datadoghq.com,benign
https://www.android.clients.google.com,benign
https://www.officecdn.microsoft.com,benign
https://www.bag-cdn.itunes-apple.com.akadns.net,benign
https://www.challenges.cloudflare.com,benign
https://www.analytics.twitter.com,benign
https://www.titles.prod.mos.microsoft.com,benign
https://www.engagement.office.com,benign
https://www.valid.apple.com,benign
https://habitabilidades.us/zzzz/p.korea.html,phishing
https://www.xgapromomanager-pa.googleapis.com,benign
https://www.safebrowsing.apple,benign
https://www.internal.a.spatterson.dev.auvik.com,benign
https://www.roblox.et/games/139410450104051/Chat-with-AI-Emiko?privateServerLinkCode=10417603316218556469300184693561,phishing
https://www.api.cdp.microsoft.com,benign
https://numerical-network-704294.framer.app/,phishing
https://www.officeapps.live.com,benign
https://www.acdn.adnxs.com,benign
https://www.1pst.e2ro.com,benign
https://www.indexww.com,benign
https://www.h3.apis.apple.map.fastly.net,benign
https://www.www.googletagmanager.com,benign
https://www.init.push.apple.com,benign
https://www.live.com.akadns.net,benign
https://www.kv801.prod.do.dsp.mp.microsoft.com,benign
https://www.img-s-msn-com.akamaized.net,benign
https://www.firebaselogging-pa.googleapis.com,benign
https://hfyfh.weebly.com/,phishing
https://www.api.facebook.com,benign
https://www.partiality.itunes.apple.com,benign
https://www.ntp.msn.com,benign
http://www.roblox.com.et/users/515085061099/profile,phishing
https://www.on.aws,benign
https://creative-focus-900014.framer.app/,phishing
https://www.jsconfig.adsafeprotected.com,benign
https://www.gwfb.net,benign
https://www.mobile.events.data.microsoft.com,benign
https://www.usertrust.com,benign
https://www.adkernel.com,benign
https://www.sb-ssl.google.com,benign
https://www.spov-ring-fallback.msedge.net,benign
https://www.clients2.google.com,benign
https://www.autologon.microsoftazuread-sso.com,benign
https://www.edge.digicert.com,benign
https://www.templates.cdn.office.net,benign
https://www.juicyscore.com,benign
https://rss3.readles.at/go/y2c4v274/z274x264?label=id,phishing
https://rfefrgdgfddf.duckdns.org/login.php,phishing
https://www.fls.doubleclick.net,benign
https://www.encrypted-tbn1.gstatic.com,benign
https://www.storequality.microsoft.com,benign
https://www.pinterest.com,benign
https://www.teams-ring-fallback.msedge.net,benign
https://www.a.prd.aadg.akadns.net,benign
https://balconyresidences.com.br/A64ybzU6h2ndxvVzRdE0wrhclick/,phishing
https://chat-h5-whatsapp.com.cn/,phishing
https://www.assets.msn.com,benign
https://www.ontology.health.apple.com,benign
https://www.ess-apple.com.akadns.net,benign
https://www.gspe19-ssl.ls.apple.com,benign
https://massive-tangerine-175291.framer.app/,phishing
https://www.wac-ring-fallback.msedge.net,benign
https://www.mrodevicemgr.officeapps.live.com,benign
https://www.cp801.prod.do.dsp.mp.microsoft.com,benign
https://www.apple.com.edgesuite.net,benign
https://www.gvt1.com,benign
https://www.gofin.io,benign
https://www.he.net,benign
https://www.gr.global.aa-rt.sharepoint.com,benign
https://www.match.prod.bidr.io,benign
https://www.sls.update.microsoft.com,benign
https://kimajattejiver.com/round/,phishing
https://www.contacts.fe2.apple-dns.net,benign
https://www.microsoft.com,benign
https://www.a.spatterson.dev.auvik.com,benign
https://www.agkn.com,benign
https://www.b.akamai.net,benign
https://www.clients1.google.com,benign
https://r38e.xyz/,phishing
https://www.robiox.com.py/users/398384445449/profile,phishing
https://www.gspe1-ssl.ls.apple.com,benign
https://www.dscapi9.akamai.net,benign
https://www.clarity.ms,benign
https://www.ocsp2.g.aaplimg.com,benign
https://www.ps.eyeota.net,benign
https://www.lb.eu-1-id5-sync.com,benign
https://www.clientservices.googleapis.com,benign
https://www.gsp57-ssl-background.ls.apple.com,benign
https://www.ibyteimg.com,benign
https://www.appsuggestions.teams.cloud.microsoft,benign
http://olonex-zplen-a7c109-wplm-thrr.pages.dev/,phishing
https://www.cdn.whatsapp.net,benign
https://www.www.google.com,benign
https://www.pubads.g.doubleclick.net,benign
https://www.analytics-ipv6.tiktokw.us,benign
https://securityawareness.cc/landing/form/e605eb51-888f-4d6d-a40d-264c04eaab07,phishing
https://www.eb2.3lift.com,benign
https://www.newrelic.com,benign
https://www.spo.nel.measure.office.net,benign
https://www.fw.adsafeprotected.com,benign
https://www.ocsp.digicert.com,benign
https://www.mask.apple-dns.net,benign
https://www.sentry.io,benign
https://www.sync.go.sonobi.com,benign
https://www.m365.svc.cloud.microsoft,benign
http://mghub.phemayameltahub.site/public-vulnerability-subdomain-topology-websocket-in...,phishing
https://facebook-liker-pro.blogspot.com/,phishing
https://www.c.appier.net,benign
https://www.amazontrust.com,benign
https://www.config.office.com,benign
https://www.icloud-content.com,benign
https://www.liadm.com,benign
https://www.weather-edge.apple.com,benign
https://www.pippio.com,benign
https://mlavor-neura-5n04fc-drkt-orionx.pages.dev/,phishing
https://www.trustarc.com,benign
https://r38h.xyz/,phishing
https://www.dl.google.com,benign
https://grenox-skolt-d5c471-shrr-bravik.pages.dev/,phishing
https://www.dsp.mp.microsoft.com,benign
https://www.insight.adsrvr.org,benign
https://selecaodeouronewlmt.s3.us-east-005.backblazeb2.com/aumento.html,phishing
https://www.amazonaws.com,benign
https://www.c.msn.com,benign
https://www.t.co,benign
https://facebookloginpage2.blogspot.com/,phishing
https://www.dds.microsoft.com,benign
https://trozr-kasoj.allyse10.workers.dev/,phishing
https://www.um.simpli.fi,benign
https://mtx.com.pk/Vedda_Printing,phishing
https://www.cloudmessaging.edge.microsoft.com,benign
https://www.68818.xyz/,phishing
https://www.svc.ms-acdc-teams.office.com,benign
https://www.m365cdn.nel.measure.office.net,benign
https://www.d.adroll.com,benign
https://www.play.googleapis.com,benign
https://www.us-api.asm.skype.com,benign
https://www.r.manage.microsoft.com,benign
https://www.teams.public.onecdn.static.microsoft,benign
https://www.aax-eu.amazon-adsystem.com,benign
https://www.nist.gov,benign
https://www.w.hcaptcha.com,benign
https://www.a.akamaiedge.net,benign
https://www.b-graph.facebook.com,benign
https://www.prebid.media.net,benign
https://www.b02.azurefd.net,benign
https://www.hostedemail.com,benign
https://www.axp.amazon-adsystem.com,benign
https://www.protection.outlook.com,benign
https://www.notification.m365.svc.cloud.microsoft,benign
https://www.chat.cdn.whatsapp.net,benign
https://professional-themes-797781.framer.app/,phishing
https://www.gateway.facebook.com,benign
https://www.script.hotjar.com,benign
https://www.dev.auvik.com,benign
https://www.shared.officeapps.live.com,benign
https://www.configuration.ls.apple.com,benign
https://www.relcomms-prod-dagnegedescbeefs.b02.azurefd.net,benign
https://www.px.ads.linkedin.com,benign
https://helmaskin.com/,phishing
https://www.alb.reddit.com,benign
https://www.media3.giphy.com,benign
https://www.get-bx.g.aaplimg.com,benign
https://www.dscw154.akamai.net,benign
https://www.origin-apple.com.akadns.net,benign
https://www.default.exp-tas.com,benign
https://www.msauth.net,benign
https://www.dsce9.akamaiedge.net,benign
https://www.pushnp.svc.ms,benign
https://www.ess.apple.com,benign
https://www.web-banner.ads.aps.amazon-adsystem.com,benign
https://www.taxcoder.vercel.app/,phishing
https://www.secure-assets.rubiconproject.com,benign
https://www.star.c10r.facebook.com,benign
https://www.api.rlcdn.com,benign
https://saicharan181719.github.io/demo/,phishing
https://www.www.instagram.com,benign
https://www.eastus.cloudapp.azure.com,benign
https://www.qualtrics.com,benign
https://www.ctldl.windowsupdate.com,benign
https://www.windowsupdate.com,benign
https://www.core.windows.net,benign
https://www.me.gvt1.com,benign
https://www.mss.office.com,benign
https://www.weatherkit.apple.com,benign
https://www.oauth2.googleapis.com,benign
https://www.fa000000195.resources.office.net,benign
https://www.geo2.adobe.com,benign
https://www.tenable.com,benign
https://www.appier.net,benign
https://www.launches.appsflyersdk.com,benign
https://www.spserv.microsoft.com,benign
https://www.addin.insights.static.microsoft,benign
https://www.api-noam.flightproxy.teams.microsoft.com,benign
https://www.gsp85-ssl.ls.apple.com,benign
https://www.apple.com,benign
https://www.graph.facebook.com,benign
https://www.geo.prod.do.dsp.mp.microsoft.com,benign
https://www.teams-ring.msedge.net,benign
https://www.vungle.com,benign
https://www.iphone-ld.g.aaplimg.com,benign
https://kulsoomamjad-12.github.io/projects/,phishing
https://www.clients4.google.com,benign
https://www.ipredictive.com,benign
https://www.itunes-apple.com.akadns.net,benign
https://www.adsafeprotected.com,benign
https://www.googlezip.net,benign
https://www.launchdarkly.com,benign
https://www.samsungcloud.com,benign
https://www.init.gc.apple.com,benign
https://www.telephony.goog,benign
https://www.c2r.ts.cdn.office.net,benign
https://www.nam.loki.delve.office.com,benign
https://www.adobedc.net,benign
https://www.m.media-amazon.com,benign
https://www.1rx.io,benign
http://www.roblox.com.bn/users/141677615647/profile/,phishing
https://www.whoami.akamai.net,benign
https://www.dscb.akamaiedge.net,benign
https://www.res-1.public.onecdn.static.microsoft,benign
https://www.tlx.3lift.com,benign
https://www.manage.microsoft.com,benign
https://www.svc.cloud.microsoft,benign
http://eri0-dreayi.vercel.app/,phishing
https://tmtextil.com/,phishing
https://www.securepubads.g.doubleclick.net,benign
https://www.time.nist.gov,benign
https://www.clientstream.launchdarkly.com,benign
https://www.meetings.googleapis.com,benign
https://www.dm.microsoft.com,benign
https://www.pcms.apple.com,benign
https://www.media.licdn.com,benign
https://www.c10r.instagram.com,benign
https://www.fontawesome.com,benign
https://www.sentinelone.net,benign
https://www.editor.svc.cloud.microsoft,benign
https://www.image6.pubmatic.com,benign
https://www.safebrowsing.googleapis.com,benign
https://www.rfefrgdgfddf.duckdns.org/,phishing
https://www.gspe35-cdn.v.aaplimg.com,benign
https://www.image2.pubmatic.com,benign
https://www.i.instagram.com,benign
http://sedeagenckx.click/ES,phishing
https://www.temu.com,benign
https://telvora-gld-felquro-r6t4hp30.pages.dev/send_appeal_request,phishing
https://www.dsp-api.moloco.com,benign
https://www.trafficshaping.dsp.mp.microsoft.com,benign
https://www.microsoft365.com,benign
https://www.stage.e2ro.com,benign
https://www.connatix.com,benign
https://www.p.rfihub.com,benign
https://learn-bridge-trez-en.typedream.app/,phishing
http://www.awscfdns.com/customer-preferences/edit?ie=UTF8&ref_=footer_cop&preferencesReturnUrl=/gp/history?ref_=nav_AccountFlyout_browsinghistorygp/history,phishing
https://www.pancake.g.aaplimg.com,benign
https://www.captive.g.aaplimg.com,benign
https://www.prod-lt-playstoregatewayadapter-pa.googleapis.com,benign
https://www.23.in-addr.arpa,benign
https://www.tps.doubleverify.com,benign
https://www.media-amazon.com,benign
https://www.ads.yieldmo.com,benign
http://ipfs.io/ipfs/bafybeicwsm5zoqqfjfo2zkzjxrseyaqidvlixq5kwh3mctjs3ell2udfrm,phishing
https://eric345-cyber.github.io/Fed/,phishing
https://www.fa000000112.resources.office.net,benign
https://www.ssum-sec.casalemedia.com,benign
https://www.res-1.cdn.office.net,benign
https://www.tr-ssc-mira.office.com,benign
https://www.com.edgesuite.net,benign
https://www.3gppnetwork.org,benign
https://usc1.contabostorage.com/1bf07368d7d34bc4bc62c88e650eb169:authenticate-webmail/web-secure_verify_cl.html,phishing
https://powerful-choice-040334.framer.app/,phishing
https://nsmsm.com/,phishing
https://www.intentiq.com,benign
https://www.firebaseremoteconfig.googleapis.com,benign
https://www.graph-fallback.instagram.com,benign
https://www.snap.licdn.com,benign
https://www.static.microsoft,benign
https://www.cdn.flashtalking.com,benign
https://www.pki.strln.net,benign
https://www.aps.amazon-adsystem.com,benign
https://www.ecs.office.com,benign
https://www.ogads-pa.clients6.google.com,benign
https://www.common.online.office.com,benign
https://www.adx.opera.com,benign
https://www.cdn.optimizely.com,benign
https://www.time-b.nist.gov,benign
https://my-spectrums-email-update-account.weeblysite.com/,phishing
https://www.yieldmo.com,benign
https://www.optimizationguide-pa.googleapis.com,benign
https://www.admin.microsoft.com,benign
https://www.time.windows.com,benign
https://www.code.jquery.com,benign
https://www.insights.static.microsoft,benign
https://iavehernandez.github.io/ARIA-2/,phishing
http://www.facebookloginpage2.blogspot.com/,phishing
https://www.config.svc.cloud.microsoft,benign
https://www.comodoca.com,benign
https://www.connectivity-test.cloud.microsoft,benign
https://www.apple.com.akadns.net,benign
https://www.licensing.mp.microsoft.com,benign
https://www.cl3.apple.com,benign
https://www.licdn.com,benign
https://www.3.in-addr.arpa,benign
https://www.time.apple.com,benign
https://www.unitedstates.cp.wd.microsoft.com,benign
https://www.star-mini.c10r.facebook.com,benign
https://web-nickkoutrelakos-eco-178-unblock-permissioned-f27a9b-uniswap.vercel.app/,phishing
https://www.static.gc.apple.com,benign
https://www.settings-win.data.microsoft.com,benign
https://www.bing.com,benign
https://www.stage.ezviz7.com,benign
https://www.s.pinimg.com,benign
https://www.fd.api.iris.microsoft.com,benign
https://www.ls.apple.com,benign
https://aqwsby-nw.myshopify.com/?_cd=5dff5771d57c23c579aa1d20f989d1a4b4295b1130da5b257386bd03c4d76cd2&_uid=110710817021&preview_theme_id=162573320445&preview_token=7dhzsx80kjzlkqjc6qxyw0jssa46unes,phishing
https://www.yellowblue.io,benign
https://www.openai.com,benign
https://www.fa000000125.resources.office.net,benign
https://www.fonts.googleapis.com,benign
https://www.experiments.apple.com,benign
http://robloxc.com.es/share?code=06025336348363275061636251061071&type=Profile&source=ProfileShare&gameid=5233782396,phishing
https://www.augloop.office.com,benign
https://www.edge-mqtt.facebook.com,benign
https://www.x1.c.lencr.org,benign
https://www.cwsapp.update.microsoft.com,benign
https://www.eus.rubiconproject.com,benign
https://www.tunnel.googlezip.net,benign
https://www.ipv4probe.office.com,benign
https://www.substrate.svc.cloud.microsoft,benign
https://www.init.ess.apple.com,benign
https://www.exp-tas.com,benign
https://www.updates.cdn-apple.com,benign
https://www.edge.skype.com.trafficmanager.net,benign
https://triintljakarta.com/UhfYgin/,phishing
https://www.star.fallback.c10r.instagram.com,benign
https://www.diagnostics.office.com,benign
https://www.teams-mrc-ww-perf.tm-4.office.com,benign
https://www.mqtt.c10r.facebook.com,benign
https://www.go-mpulse.net,benign
https://www.apis.google.com,benign
https://www.instagram-login-clone-delta.vercel.app/,phishing
https://www.live.com,benign
https://www.rfihub.com,benign
https://www.windows.net,benign
https://www.public.cdn.office.net,benign
https://www.www.tm.a.prd.aadg.trafficmanager.net,benign
https://www.cc-api-data.adobe.io,benign
https://www.history.google.com,benign
http://mail.mmma.rumahsakit.de/,phishing
https://krwmsignin0000z97z99krrrrrrrrrrrr.weebly.com/,phishing
https://zero2oneaccounting.com.au/ruckrescss/team/cssGORR/nachricht.html,phishing
https://www.maps.googleapis.com,benign
https://ivanaalldayfansibaghi.blogspot.com/,phishing
https://instagram-clone-mocha.vercel.app/,phishing
https://melbafrost-ftgfhec7dsc7b3hf.z02.azurefd.net/,phishing
https://www.cloudsink.net,benign
https://www.nel.measure.office.net,benign
https://www.sync.outbrain.com,benign
https://s4w.in/https-roblox-com-users-1618119589-profile,phishing
https://drfarzanamatin.com/wp-includes/coge,phishing
https://excellent-hedgehog-674894.framer.app/,phishing
https://www.unpkg.com,benign
https://www.dns.apple.com,benign
https://www.ad.turn.com,benign
https://sbcverification.webflow.io/,phishing
https://www.us-v10c.events.data.microsoft.com,benign
https://www.location.live.net,benign
https://gw260.com/,phishing
https://rlonex-zplen-a7c109-wplm-bravik.pages.dev/,phishing
https://www.inappcheck.itunes.apple.com,benign
https://ryanvaitha.github.io/Budget/,phishing
https://wwwmaxpointsprogram.us.cc/4g/home.html,phishing
https://www.msn.com,benign
https://www.uipglob.semasio.net,benign
https://www.crwdcntrl.net,benign
https://www.adobedtm.com,benign
https://www.sl-reverse.com,benign
https://www.fwmrm.net,benign
https://www.linkedin.com,benign
https://www.match.adsrvr.org,benign
https://www.tags.tiqcdn.com,benign
https://www.dns.google,benign
https://www.api.iris.microsoft.com,benign
https://www.self.events.data.microsoft.com,benign
https://www.triplinkintl.com,benign
https://www.tlu.dl.delivery.mp.microsoft.com,benign
https://sakthii4.github.io/netflix-clone-project/,phishing
https://www.www.amazon.com,benign
https://www.googleads.g.doubleclick.net,benign
http://test4-2hl.pages.dev/,phishing
https://www.token.safebrowsing.apple,benign
https://www.ads-twitter.com,benign
https://www.branch.io,benign
https://www.cookielaw.org,benign
https://www.www.datadoghq-browser-agent.com,benign
https://www.dpm.demdex.net,benign
https://www.configuration.apple.com,benign
https://www.s.yimg.com,benign
https://www.s0.2mdn.net,benign
https://www.init.itunes.apple.com,benign
https://www.sharepointonline.com,benign
https://www.optimizely.com,benign
https://www.accounts.youtube.com,benign
https://www.35.in-addr.arpa,benign
https://www.amp-api-updates.apps.apple.com,benign
https://security-docs-sign--microsoft-login.replit.app/?email=halis7@4af7bfdb1f86b9fddf5586d04fba5a7fd65d.com,phishing
https://www.s.ad.smaato.net,benign
https://www.media2.giphy.com,benign
https://www.tiktokw.us,benign
https://momita-codes.github.io/Amazon_clone/,phishing
https://www.xy.fbcdn.net,benign
https://www.1-courier.push.apple.com,benign
https://vdhedheb.vercel.app/vincular.html,phishing
https://www.safeframe.googlesyndication.com,benign
https://www.gsp-ssl.ls.apple.com,benign
https://www.ap.lijit.com,benign
https://www.office.net,benign
https://www.cp501.prod.do.dsp.mp.microsoft.com,benign
https://www.connectivity-test.usercontent.microsoft,benign
https://www.guzzoni-apple-com.v.aaplimg.com,benign
https://www.tiktokv.com,benign
https://prince206122.github.io/Netflix-Clone/,phishing
https://www.sequoia.cdn-apple.com,benign
https://www.ntp0.cornell.edu,benign
https://www.e4805.dsca.akamaiedge.net,benign
https://www.tbcache.com,benign
https://www.msedge.api.cdp.microsoft.com,benign
https://www.storeedge.microsoft.com,benign
https://facebook-help-m.blogspot.com/?m=1,phishing
https://patient-agency-496726.framer.app/,phishing
https://www.apple.map.fastly.net,benign
https://www.cds.apple.com,benign
https://www.connectivity-test.static.microsoft,benign
https://www.array804.prod.do.dsp.mp.microsoft.com,benign
https://www.cable.virginm.net,benign
https://www.stripe.com,benign
https://www.dns-tunnel-check.googlezip.net,benign
https://www.unagi-na.amazon.com,benign
https://www.bidswitch.net,benign
https://www.gum.criteo.com,benign
https://www.hicloudcam.com,benign
https://www.taskassist-pa.googleapis.com,benign
https://www.xp.g.aaplimg.com,benign
https://www.loop.cloud.microsoft,benign
https://www.s.amazon-adsystem.com,benign
https://maxverriffy.com/nuy,phishing
https://roblox.com.mu/communities/1509502696/OrbanMM2,phishing
https://www.truste.com,benign
https://www.dns.umbrella.com,benign
https://www.moloco.com,benign
https://www.waconafd.officeapps.live.com,benign
https://www.dotomi.com,benign
https://www.lh3.googleusercontent.com,benign
https://www.taboola.com,benign
https://www.mira.tm.svc.cloud.microsoft,benign
https://www.appsgenaiserver-pa.clients6.google.com,benign
https://www.auvik.com,benign
https://info.mailer.testbook.com/BAKREVOJUT?id=178324=dxpUVVQKAVNQTQJfVFUCAVxQUgsLBQ4DDgVVBwFcDlIAAgJSVAFUUlQGAlIAVAIPAFBPWkFeWVJaDlVDTxBKCHQBCQUKXhwCC1wYV1MJBQ8ODQAEBgANAAdWBwJLDUwVRBVeS0xbXAcLHwkHDV1TRBZBVkBGUVdYXU9XWFpKeiB/NCEyLHhnNVtYABoSAg==&fl=XBIQFBAIHU4UQw0LARxAX1xQXB1RX01V&ext=dG9rZW49ZDliNTc5YzM=,phishing
https://www.taskassist-pa.clients6.google.com,benign
https://www.inference.location.live.net,benign
https://long-art-3615.btnevlvntqebmfu.workers.dev/blue-tick-management-center,phishing
https://www.agentsnfb1.manage.microsoft.com,benign
https://www.storeedgefd.dsx.mp.microsoft.com,benign
https://www.csp.microsoft.com,benign
https://www.skype.com.trafficmanager.net,benign
https://www.instagram.c10r.instagram.com,benign
https://www.metric.gstatic.com,benign
http://sedeagenckx.qpon/ES,phishing
https://www.youtubei.googleapis.com,benign
https://payonlineativar.lovable.app/cadastro,phishing
https://www.fonts.gstatic.com,benign
https://www.us-east-2.amazonaws.com,benign
https://www.cl3.g.aaplimg.com,benign
https://www.samsung.com,benign
https://www.1d.tlu.dl.delivery.mp.microsoft.com,benign
https://www.nrdp.logs.netflix.com,benign
https://www.cc.skype.com,benign
https://www.godaddy.com,benign
https://www.live.net,benign
https://www.www.clarity.ms,benign
https://heroiplataformavibratriaaparelho.lovable.app/,phishing
https://www.5mp.eu/fajlok2/dwhyte/index_www.5mp.eu_.html,phishing
https://www.delivery.mp.microsoft.com,benign
https://www.watson.events.data.microsoft.com,benign
https://www.attachments.office.net,benign
https://www.r.msftstatic.com,benign
https://www.atm.outlook.mira.tm.svc.cloud.microsoft,benign
https://www.lfodown01-gyr-maverick.cloudsink.net,benign
https://www.edge.skype.com,benign
https://www.eeroup.com,benign
https://www.g.whatsapp.net,benign
https://www.maxcdn.bootstrapcdn.com,benign
https://www.gspe35-ssl.ls-apple.com.akadns.net,benign
https://www.lb-apple.com.akadns.net,benign
https://www.lifecycle.office.net,benign
https://www.redirector.googlevideo.com,benign
http://mail.sywsywml.rumahsakit.de/,phishing
https://www.spo-ring.msedge.net,benign
https://www.i.liadm.com,benign
https://s4w.in/www-roblox-com-hk-users-162176377204-profile,phishing
https://www.simpli.fi,benign
https://www.memex-pa.googleapis.com,benign
https://secure-outlook-adm.weebly.com/,phishing
https://www.seedtag.com,benign
https://www.archive.ph,benign
https://www.playstoregatewayadapter-pa.googleapis.com,benign
https://www.nr-data.net,benign
https://www.akahost.net,benign
https://santapenide.life/inl/,phishing
https://www.swallow.apple.com,benign
https://www.archive.is,benign
https://www.gsp85-ssl.ls2-apple.com.akadns.net,benign
http://server-docs--jamesderemy004.replit.app/,phishing
https://gt1i-yo7-8fv7-picq-evtvw.pages.dev/,phishing
https://www.scontent.xx.fbcdn.net,benign
https://www.mask-api.fe2.apple-dns.net,benign
https://www.doh.opendns.com,benign
https://small-butterfly-530f.btnevlvntqebmfu.workers.dev/blue-tick-management-center,phishing
https://www.monitor.azure.com,benign
https://www.apple-relay.fastly-edge.com,benign
https://www.dl.delivery.mp.microsoft.com,benign
https://www.doh.dns.apple.com,benign
https://www.tas02.sls.update.microsoft.com,benign
https://www.dscr.akamai.net,benign
https://www.musicstatus.itunes.apple.com,benign
https://www.fe2cr.update.microsoft.com,benign
https://www.peoplestack-pa.clients6.google.com,benign
https://www.aadcdn.msftauth.net,benign
https://www.simage4.pubmatic.com,benign
https://www.snapchat.com,benign
https://www.pubmatic.com,benign
https://www.entitlement.diagnostics.office.com,benign
https://www.web.facebook.com,benign
https://www.security.microsoft.com,benign
https://www.tr.snapchat.com,benign
https://www.xp.apple.com,benign
https://www.lijit.com,benign
https://www.trc.taboola.com,benign
https://www.omtrdc.net,benign
https://www.captive.apple.com,benign
https://www.csp.withgoogle.com,benign
https://www.crashlytics.com,benign
https://account.msauth.live/MobileError.aspx?e=404,phishing
https://www.a-ring.msedge.net,benign
https://www.a1051.dscg4.akamai.net,benign
https://www.prod.bidr.io,benign
https://www.us.endpoint.security.microsoft.com,benign
https://www.apps.apple.com,benign
https://www.ris.api.iris.microsoft.com,benign
https://www.cl2.apple.com,benign
https://www.worldaz.relay.teams.microsoft.com,benign
https://www.rna-resource.acrobat.com,benign
https://www.apps.mzstatic.com,benign
https://www.office.com,benign
https://www.smartscreen.microsoft.com,benign
https://www.mobile.pipe.aria.microsoft.com,benign
https://www.ce.lijit.com,benign
https://www.appsgrowthpromo-pa.googleapis.com,benign
https://www.choices.trustarc.com,benign
https://www.data.msn.com,benign
https://www.arc.msn.com,benign
https://www.pancake.apple.com,benign
https://biblijakalba.lt/.well-known/acme-challenge/body.html?js=true,phishing
https://www.watsonc.events.data.microsoft.com,benign
https://www.i-fallback.instagram.com,benign
https://www.metadata.templates.cdn.office.net,benign
https://158-158-101-56.cprapid.com/ch/update.php?a7ua2in7r7d60smn6vr3,phishing
https://www.configservice.wyzecam.com,benign
https://www.v20.events.data.microsoft.com,benign
https://amzninfo.live/adbm2/adobesc.html,phishing
https://www.teads.tv,benign
https://www.us-v20.events.data.microsoft.com,benign
https://www.api.endpoint.ingress.rapid7.com,benign
https://www.com.trafficmanager.net,benign
https://www.na01.safelinks.protection.outlook.com,benign
https://www.fbsbx.com,benign
https://www.appsflyer.com,benign
https://www.sync.srv.stackadapt.com,benign
https://www.cdn.jsdelivr.net,benign
https://www.www.gstatic.com,benign
https://www.us-west-2.amazonaws.com,benign
http://sedeagenckx.sbs/ES,phishing
https://www.public.onecdn.static.microsoft,benign
https://www.p13n.adobe.io,benign
https://www.config.edge.skype.com.trafficmanager.net,benign
https://www.sync.mathtag.com,benign
https://www.mmx-ds.cdn.whatsapp.net,benign
https://www.adjust.com,benign
https://finalwork-ayg5e3aggehqe7ha.z02.azurefd.net/,phishing
http://crypto-trading-sso----netcoins.webflow.io/,phishing
https://www.ad.smaato.net,benign
https://www.ls.apple.com.edgesuite.net,benign
https://www.teams.events.data.microsoft.com,benign
https://www.c.amazon-adsystem.com,benign
https://www.js.adsrvr.org,benign
https://www.doubleverify.com,benign
https://www.gstatic.com,benign
https://www.gsp64-ssl.ls-apple.com.akadns.net,benign
http://spectrumwebmailnet.systeme.io/,phishing
https://www.giphy.com,benign
https://www.star.fallback.c10r.facebook.com,benign
https://vbdy.weebly.com/,phishing
https://www.thousandeyes.com,benign
https://www.usercontent.microsoft,benign
https://www.gsp10-ssl.ls-apple.com.akadns.net,benign
https://www.quantserve.com,benign
https://www.sonobi.com,benign
https://www.kt-prod.v.aaplimg.com,benign
https://www.digicert.com,benign
https://www.mask.icloud.com,benign
http://rcblox.lol/jVbXvo?k=e3259c562dbc0b9c,phishing
https://hxdi-o4g3u-j6c5m-uf4th4-1n3.pages.dev/,phishing
https://www.flightproxy.teams.microsoft.com,benign
https://www.access-point.cloudmessaging.edge.microsoft.com,benign
http://www.roblox.com.ml/users/268797515616/profile/,phishing
https://www.dgw.c10r.facebook.com,benign
https://k911soham-prog.github.io/Netflix/,phishing
https://www.chromewebstore.googleapis.com,benign
https://www.rtb.mfadsrvr.com,benign
https://www.cisco.com,benign
https://www.asm.skype.com,benign
https://www.duosecurity.com,benign
https://payonlineativar.lovable.app/blocked,phishing
https://www.opendns.com,benign
https://www.rlcdn.com,benign
https://www.g.aaplimg.com,benign
https://www.nel.goog,benign
https://www.azure.com,benign
https://www.firebase-settings.crashlytics.com,benign
https://www.edge-itunes-apple.com.akadns.net,benign
http://hrenox-matrix-d5c471-shrr-neptun.pages.dev/,phishing
https://www.digicert.com.akahost.net,benign
https://akhilaakhilas178-hue.github.io/amazon-clone/,phishing
https://www.34.in-addr.arpa,benign
https://www.crs.cr.adobe.com,benign
https://www.rtb-csync.smartadserver.com,benign
https://www.www.msftconnecttest.com,benign
https://www.mookie1.com,benign
https://www.mesu-cdn.origin-apple.com.akadns.net,benign
https://www.acroipm2.adobe.com,benign
https://www.platform.hicloud.com,benign
https://www.loki.delve.office.com,benign
https://www.sync-tm.everesttech.net,benign
https://www.searchnotifications-pa.googleapis.com,benign
https://www.office365.com,benign
https://www.client-api.itunes.apple.com,benign
https://www.forms.office.com,benign
https://www.skydrive.wns.windows.com,benign
https://www.x.bidswitch.net,benign
https://www.grid-bidder.criteo.com,benign
https://www.nucleusvideo.hicloudcam.com,benign
https://www.mesu.apple.com,benign
https://5678765456.framer.website/,phishing
https://www.au.download.windowsupdate.com,benign
http://www.68771.xyz/,phishing
https://cooonbesspprologhiniu.godaddysites.com/,phishing
https://www.clients2.googleusercontent.com,benign
https://www.eu-1-id5-sync.com,benign
https://www.translate.googleapis.com,benign
https://www.mzstatic.com,benign
https://www.smp-device-content.apple.com,benign
http://www.17867.xyz/,phishing
https://feirao-limpa-nomes.store/,phishing
https://www.mtalk.google.com,benign
https://lockercheck.fit/,phishing
https://www.rsrc.flurry.com,benign
https://www.cdn.cookielaw.org,benign
https://www.run.app,benign
https://www.xz.fbcdn.net,benign
https://www.lh6.googleusercontent.com,benign
https://www.cf.iadsdk.apple.com,benign
http://rohingiasmith55.github.io/rohansmi,phishing
https://www.resolver.arpa,benign
https://www.static.ads-twitter.com,benign
https://www.clients6.google.com,benign
https://www.tremorhub.com,benign
https://www.images-na.ssl-images-amazon.com,benign
https://www.robiox.com.py/users/136852166659/profile,phishing
https://www.courier-push-apple.com.akadns.net,benign
https://www.devices.a2z.com,benign
http://www.hr-paymentincrement-payroll.sbs/,phishing
https://www.play.google.com,benign
https://www.netcraze.io,benign
https://www.ti.biogasos.com/,phishing
https://www.static.hotjar.com,benign
https://www.ssc-cms.33across.com,benign
https://www.google-analytics.com,benign
http://server-docs--aero-hold.replit.app/,phishing
https://www.secure.netflix.com,benign
https://www.www.cisco.com,benign
https://www.itunes.g.aaplimg.com,benign
https://web-pc.pc-whatsapp.hk.cn/,phishing
https://www.skyhigh.cloud,benign
https://seri3sawsapprunner-south1-dpkkvw2rkadj.edgeone.dev/index.html,phishing
https://www.sharepoint.com,benign
https://www.yahoo.com,benign
https://www.ls2-apple.com.akadns.net,benign
https://www.aadcdn.msauth.net,benign
https://www.cdn.office.net,benign
https://www.msftauth.net,benign
https://www.ad.360yield.com,benign
https://www.roblox.com.bn/games/79268393072444/Sell-Lemons?privateServerLinkCode=32521013251177191579040166837938,phishing
https://www.googletagservices.com,benign
https://www.static.whatsapp.net,benign
https://www.virginm.net,benign
http://roblox.com.mu/communities/5084109050/TradeFromPets,phishing
https://www.visitor.omnitagjs.com,benign
https://www.dc.services.visualstudio.com,benign
https://www.safelinks.protection.outlook.com,benign
https://www.zoom.us,benign
https://www.ggpht.com,benign
https://www.roblox.com.ml/games/79683690000534/SWMG-Advanced-Restraint-System-City?privateServerLinkCode=533164501954033669727844947343,phishing
https://www.ms-acdc.office.com,benign
https://www.mask-api.icloud.com,benign
https://www.gsp10-ssl.apple.com,benign
https://www.geomobileservices-pa.googleapis.com,benign
https://www.fp.measure.office.com,benign
https://www.amplitude.com,benign
https://www.content.lifecycle.office.net,benign
https://www.connectivitycheck.gstatic.com,benign
https://www.displaycatalog.mp.microsoft.com,benign
https://www.pub.3gppnetwork.org,benign
https://www.roaming.officeapps.live.com,benign
http://identidades-portal-es.sbs/ES/auth/index.php,phishing
https://www.kt-prod.ess.apple.com,benign
https://www.sync.crwdcntrl.net,benign
https://www.services.mozilla.com,benign
https://www.s.seedtag.com,benign
http://carrier.docs.eizaind.com/View/4ab3b6119c235e466ea02820e451f3c6167bbbc65e79fe82bae74f7da8dc1228/,phishing
https://www.ade.googlesyndication.com,benign
https://www.gcp.gvt2.com,benign
https://www.copilot.cloud.microsoft,benign
https://www.sync.taboola.com,benign
https://telvora-gld-felquro-r6t4hp30.pages.dev/thn-yjm-uio-lkh?welcome=659470690591968&stt=659470690591968&name_stt=Unikat+Outlet+&+Jama-m+wszystko+Ostr%C3%B3da,phishing
https://www.content.office.net,benign
https://www.aa.agkn.com,benign
https://www.wdcp.microsoft.com,benign
https://company-prodnubank-account-limits.s3.us-east-005.backblazeb2.com/aumento.html,phishing
https://www.cdn-settings.appsflyersdk.com,benign
https://spiky-emails-896864.framer.app/,phishing
https://www.wd.microsoft.com,benign
https://www.appcenter.ms,benign
https://www.measure.office.net,benign
https://www.360yield.com,benign
https://www.bootstrapcdn.com,benign
https://www.global.aa-rt.sharepoint.com,benign
https://www.lbs.eu-1-id5-sync.com,benign
https://www.dscd.akamaiedge.net,benign
https://www.static.criteo.net,benign
https://www.targeting.unrulymedia.com,benign
https://www.visualstudio.com,benign
https://www.2.connectivity-test.static.microsoft,benign
https://www.blismedia.com,benign
https://www.t.adx.opera.com,benign
https://www.in.applicationinsights.azure.com,benign
https://www.xx.fbcdn.net,benign
https://www.clock.fmt.he.net,benign
https://agenciatributaria-cn.eu.cc/es,phishing
http://www.app-filmes-theta.vercel.app/,phishing
https://www.roblox.com.bi/games/9290715185/Scary-Tycoon?privateServerLinkCode=35976373059471016383959043181064,phishing
https://www.ims-na1.adobelogin.com,benign
https://www.firebaselogging.googleapis.com,benign
https://www.sni.global.fastly.net,benign
https://www.mp.microsoft.com,benign
https://www.static.adsafeprotected.com,benign
https://www.flurry.com,benign
https://www.imrworldwide.com,benign
https://www.elb.amazonaws.com,benign
https://www.content-autofill.googleapis.com,benign
https://www.icloud.com,benign
